,jd,mag,mag_unc,filter,limmag,programid,magzpsci,magzpsciunc
1,2459087.899,20.84799957,0.075998999,g,,2,28.69300079,1.38E-06
2,2459087.899,20.84800529,0.075998873,g,,2,28.69300461,1.38E-06
3,2459087.918,20.69689941,0.078282364,r,,2,28.84189987,8.14E-06
