{"injections": {"__dataframe__": true, "content": {"luminosity_distance": [69.43273422169553, 66.15970213523246, 71.20847790028604, 87.96117235975147, 82.84097375752738, 96.38404044761502, 99.06004863055632, 44.52919912287562, 69.01584596303404, 83.46571632864476, 22.532438836585705, 56.501487248674, 61.47996327587391, 89.60717914539188, 89.2755243554006, 33.50510403934294, 83.09347330383865, 74.73010636084206, 88.1141091338982, 50.78312723047909, 98.24092780699962, 65.49931155265388, 80.92154192290806, 97.14970622009386, 85.187950487631, 68.33661997432301, 32.45715407943054, 57.250787370514914, 95.96750890663225, 56.70836266383967, 98.16871724783482, 74.71872647109741, 72.37685476424616, 54.5773310447958, 89.51323094238703, 79.9524901839846, 48.30043087878296, 58.243283685060895, 71.42596878185313, 97.88983444726873, 59.356823899154506, 87.34546947525955, 48.157216584330996, 98.56658058025373, 95.11253020669126, 90.16756704035852, 91.57600409140429, 41.11208372083824, 84.40431758652586, 95.53725442972373, 83.45993114117492, 63.32521828141852, 89.34977876965132, 86.81847979554055, 68.575167000889, 48.953471666213275, 53.8992339077197, 71.40422656589833, 69.14759297657821, 98.09498049951021, 61.668195295945246, 68.05410734011264, 31.74052345003031, 94.38680912640652, 66.86683568581236, 86.50945157787346, 84.64862778092814, 25.060660926059587, 80.90320505647065, 69.38424890723702, 81.13553240082068, 89.75984426101425, 96.92603444601289, 59.10829816858084, 57.66536275357497, 87.87924276946602, 95.99311448457414, 96.07279481211809, 85.21738128306338, 38.25877370847493, 75.47875295388454, 81.09306990576201, 40.92604503777751, 97.63732313311353, 75.02473185483525, 85.1763587891568, 72.74745801717557, 76.84783188489826, 92.70708240987871, 90.23501548762702, 80.67096100690318, 46.649772615301615, 86.06224512579001, 96.0192331915083, 62.03947760449364, 56.131244342445676, 90.43454797081237, 78.79713647488731, 93.743366432894, 98.07840334119581], "log10_Menv": [-3.750895323685022, -1.7004300847639509, -2.8959068880970658, -1.605527151317597, -1.4667902727651638, -2.4112827083903046, -2.7202625155671174, -3.1073971193698355, -3.345928325897127, -0.014272644328642059, -3.490089382134844, -1.8807207577611833, -2.626532510009763, -1.720358670068447, -2.3905675343305512, -2.54173969371804, -2.646180512117146, -4.7165611952645765, -0.6001697097134615, -3.8012922763987573, -2.6287866612313198, -3.894632411910246, -4.442368834460179, -0.26347493230649643, -2.0466643747622983, -2.24746024938387, -3.9903359068625517, -3.9697752799033212, -2.4266009067455108, -3.738184870580923, -3.8766529063076605, -1.8362966216161363, -0.8589333000777168, -2.823933381068459, -4.090302999267145, -0.7360549118714319, -2.092856639538376, -2.4142169778598115, -3.666136855302379, -0.15950265596336788, -4.4065176478185855, -2.3472625673035497, -2.260777816883443, -2.844448435797584, -3.124409712980837, -3.9267484344665866, -0.23623802969777685, -2.315738915774765, -3.386682302096764, -1.9533450366906862, -1.396355940105801, -0.3267753896537968, -1.0663371336090495, -0.42095326380033704, -0.22653493891222976, -2.960043011748776, -0.18420880168510312, -0.15191846641402762, -3.9567542730814993, -1.1371935133031248, -4.566395695473301, -4.190673163403754, -2.5139252703171415, -2.7310339372797325, -2.113384079548685, -0.6542966575704545, -4.769422921555055, -3.990073729379656, -2.4324125479083776, -4.82883669974254, -2.8106774039474374, -2.7540078644232926, -4.582927465479909, -2.8951925663869256, -0.21157205760029818, -3.5054059511294895, -4.462875452468445, -2.6270903131058922, -0.7577275117116749, -1.9521783020532508, -1.7455994999845679, -3.781075794974779, -2.4996803021968046, -1.3095588455563338, -0.05274636772098429, -1.4020143542199497, -1.161410569606625, -0.27644665290838777, -2.354603630913557, -0.05147294588229201, -4.752558801030146, -2.201925619683909, -4.423525929634725, -4.456595198900526, -1.753215692949937, -4.370546304313204, -3.0314011542453736, -4.68757980129155, -1.4322151605228717, -3.690824950245699], "log10_Renv": [10.607148061378723, 14.082028811237606, 10.639214424754229, 10.672886430335588, 13.06105147352378, 14.332375903235944, 12.839026084056968, 10.051894016437378, 11.933634308327022, 11.92055827243762, 11.057271306915956, 11.130933595257671, 13.55176513501059, 14.145418985808536, 11.520797650732849, 13.838358987984371, 13.321996870352567, 11.723762042771693, 13.198979157517552, 11.794034056093043, 12.569713272833084, 14.697777776029698, 11.089690306269448, 13.544221644025367, 12.221111949715198, 13.991132514256538, 13.0437993370488, 12.156148727149864, 13.2523120391083, 14.064058516323986, 12.640436886786647, 11.344774997094007, 13.857646411373612, 10.462773113757823, 11.234222457120847, 10.841477402272725, 10.800967866346594, 14.058835420149808, 13.950233944142834, 14.206517310322187, 14.485111866845575, 10.86142845488196, 12.486330275964834, 13.783803872650676, 12.501771378589241, 13.290066427410142, 14.720795927470341, 13.927991332475454, 11.09956568308741, 13.486366713800344, 11.249078154543986, 11.142479476046596, 11.383207237514814, 12.022622226294796, 10.969808427857458, 13.764929018936943, 11.284798105845436, 10.360458506005104, 12.908973783821125, 11.169681775244662, 12.108154243739627, 11.96995220823593, 10.507362722452356, 10.467991610544992, 10.625573280743039, 11.946962561238353, 14.43601178708639, 13.403838257465445, 10.26004683587017, 10.371698876434076, 14.56555161457048, 14.952797413325449, 13.526495596769106, 11.398533366365264, 11.601475008712248, 11.132325600864743, 12.085900511032893, 12.90744218311907, 11.6550222568981, 10.142265224739154, 10.76491902856964, 11.784892372622098, 13.12530311916219, 12.36356246074111, 10.999324848399683, 10.189194054436669, 10.76626356482339, 11.25069530908885, 12.182717931089897, 12.532779691985915, 14.080564932733317, 14.988012971691749, 14.256946833482608, 11.440048932020282, 14.007968911553311, 10.183744028852267, 12.823800871672788, 10.14133759619902, 14.145217313235044, 11.570606932512716], "log10_Ee": [50.07617582316962, 51.0103453448522, 49.45750979342306, 51.03068513208878, 47.78301817152192, 47.113466857774156, 47.71987875800118, 48.362924199156275, 50.689654239093336, 48.966970492250574, 50.31611433015394, 50.03996085672566, 50.42356045727987, 49.760303114299916, 50.585627134019056, 49.320086039530636, 51.62334510504285, 49.84520948865134, 47.90520546862449, 48.82137503614877, 49.91336821956655, 51.883841875711795, 49.075292062677754, 48.350182632492654, 47.471937961050514, 50.79254598211375, 48.85270681540407, 49.785906243251404, 47.97020354572871, 47.26715230783056, 47.08480344869257, 49.4614843813889, 48.87634817195583, 49.45984721740187, 51.20806061152769, 50.401087998944135, 48.68953846069201, 48.86854640460363, 50.012621752088045, 47.82984156537577, 51.574123065483356, 50.72465608298507, 50.22506210559765, 51.930738470386004, 51.33558612856122, 49.69127758175407, 48.613148571182265, 47.51475097810016, 51.63728779927948, 51.294169011108494, 51.407406421191304, 51.40668634896945, 50.28045598060604, 47.685811789413286, 49.11123205451502, 49.297179684896555, 49.713927482048064, 49.029100096135416, 49.99819843771256, 51.03188871384621, 51.60528012372423, 51.13863346132325, 49.1757937699869, 50.539526863921886, 47.54243933772687, 50.85708499132938, 49.7667468806257, 48.042536745579525, 51.3518230286791, 51.05322293475915, 50.91626511087078, 47.49922501975899, 50.8465559107531, 50.93171407246709, 47.76166504899294, 48.14820679152603, 51.796354329313345, 50.40942904085224, 50.54351673656819, 47.722021630834064, 49.136382164883685, 48.01163501771721, 47.187564991833746, 51.69105105739514, 49.164763676708624, 49.44525428887495, 50.60996726974349, 48.57040084853343, 47.16249977358812, 49.701790606492374, 47.01788072232778, 48.361400277033844, 49.95415807596085, 49.13618279207176, 51.25864961920797, 47.69537738251183, 51.454088076197365, 47.147054338463825, 51.67750170685443, 50.28572789350981],