{"injections": {"__dataframe__": true, "content": {"luminosity_distance": [83.26223291297843, 87.0986267235501, 91.68260600551068, 53.25421009126718, 64.80164235578447, 58.95589241258079, 70.692921871378, 47.21572248412209, 97.75538955790782, 94.42948247014624, 99.19830391101091, 76.90012943311949, 91.96515043578702, 87.1442735699524, 80.32335033330786, 77.3047796560114, 98.75044456948909, 86.33192953437369, 96.28912603888307, 63.34888610899309, 93.76987443513572, 92.0681509412873, 93.2199730451294, 52.42181791539016, 87.06783318553076, 29.788173571746743, 62.91243546614946, 68.13513879227747, 74.45671189970483, 95.85342181451661, 67.47360747500147, 56.81617823140295, 83.53350270002987, 76.51185072545906, 42.70588024070029, 93.33321917609378, 73.6502878506671, 52.386486080422216, 99.52839666036908, 79.95951663724908, 88.19708093555475, 99.73068915487731, 83.68894285515384, 72.80216882538654, 93.09011607573693, 22.321916003356364, 53.63470373055786, 60.85692781165188, 82.284872696903, 91.57495926332005, 54.74728515578095, 74.03923583747945, 93.68278978099579, 84.28257532499558, 55.66611444504016, 86.23436519308305, 97.22046339321246, 70.50119316249668, 96.30034725120788, 88.96344843563438, 78.6313602252522, 78.05366533265799, 88.81156935014741, 92.56763758918912, 92.97863810871613, 59.98544515045364, 67.24972112477856, 61.67437750968366, 88.53061805529272, 88.02577837666504, 97.40329933895298, 89.27036336547619, 78.0892801256144, 94.80883732078483, 57.23178637626925, 99.42562381068177, 47.4900826705774, 76.27199852031205, 87.70489735354882, 70.81201038892247, 95.39321608260128, 91.3285048076729, 68.90871325073388, 98.31002024275786, 68.82534841139537, 43.00868440382648, 86.82248581648747, 66.23113461143302, 50.814174580143664, 54.2495403884411, 88.33942362157502, 75.35137282940454, 71.48499416196852, 98.05038663885989, 99.69395015479768, 49.55363814065648, 81.42591837071527, 89.86010641482108, 68.12598004717088, 78.70012554242453], "log10_Menv": [-2.421159904655484, -0.6679975222684522, -3.0881645980853816, -4.310565503843557, -2.087919579928875, -2.8842045285717917, -4.046270785130418, -3.1903273319981196, -1.6591819104763577, -3.1141700922825235, -1.2878052568845062, -0.345370352257067, -0.487145200051021, -4.83462125189325, -4.679282911777013, -0.02948069638737305, -3.131719996890489, -3.605719269129994, -0.8158458454668853, -3.097735299117874, -0.9469692150212632, -3.6710744487550047, -0.769298436235256, -4.8612490819103975, -4.173232102057757, -2.9122882472666367, -3.223025592083702, -1.2517713967221655, -4.381782812717448, -4.0459253262238235, -1.4173597889553275, -1.238955402564923, -3.834518603723148, -4.6412395364166, -4.61953380723658, -1.1494704469209704, -4.529664729185601, -0.38951571786473593, -2.548092618368474, -4.336271996856618, -4.626954712125897, -4.124430073053704, -3.795944635771468, -2.294777642930712, -2.6967315861450065, -4.374275287683164, -3.2184583693097717, -4.1758221797462705, -0.5965177210039245, -4.428041247089081, -3.299493802205094, -2.7136953268978505, -4.214788181894492, -0.09934093135913002, -3.2594376850470406, -1.8818926254488644, -3.0916331849796572, -4.186989627182125, -1.622357143177684, -2.904662637093259, -4.772579328278821, -2.457260336242131, -0.8774626533411976, -4.157190585105638, -2.7056112478098733, -0.592797789685136, -3.783760062728081, -0.7687603948837864, -4.5296711637260305, -0.62571458065689, -2.978754880942937, -4.9804005007239365, -1.5456747576616725, -1.185740387483396, -2.368014229283539, -2.623923190408787, -3.6090015942678795, -2.316211683977703, -2.2724108279514468, -0.9430747891677953, -2.7745949054927452, -2.315821458544671, -3.024173016188704, -1.3889403600872208, -4.604161895609857, -4.004319564140323, -4.6841050021873745, -0.2637746674437089, -0.7327038997555748, -0.07489220629037252, -1.060500321103472, -1.8259940039036988, -4.772528712186133, -4.5326449990038995, -2.8238844404937566, -1.6449056340896022, -4.169181102475157, -1.7321632543055756, -0.1712876638400136, -2.424563750934146], "log10_Renv": [12.528676132310522, 12.944567849207921, 10.115196800500744, 14.388430392777, 14.66167007440102, 14.830558574538257, 11.960292386600052, 14.319111485389108, 14.522108659183647, 14.083005255782993, 12.732466885996812, 11.580765243800128, 14.668673240421285, 13.375542264145237, 13.003360224433397, 13.72306538471855, 10.348823111585876, 10.171194221391282, 10.372150591258405, 11.849705152456863, 11.901099441517431, 10.793909993967379, 13.219316478432212, 11.637129408257248, 12.904066883019707, 12.722744831414962, 13.71922158143403, 11.157762809294645, 14.287087973779926, 13.155082472865365, 11.189922826233806, 12.254463479082641, 13.801365876751253, 13.51558065614142, 14.749324653507696, 11.600965904831634, 11.176455146604491, 11.083418298301998, 14.474018891483155, 12.383834011099193, 11.888507381702206, 13.523421622768971, 13.329125537174423, 11.009959138880356, 11.419039393934776, 13.715271052054426, 13.293718317376264, 13.04145713169133, 12.256541373149062, 12.504907924408002, 10.273266655660526, 11.431122841348698, 14.119196314504197, 12.467042655147521, 13.131245139158107, 13.219836977782784, 10.532594842441439, 10.934012165958992, 14.003151027886698, 13.401233485335352, 14.332006118235501, 10.974890410956908, 11.61546492111341, 14.191857558452206, 14.912246178377146, 13.191095224470581, 14.311137879706866, 10.190783246769662, 10.242666535212962, 11.047724987499645, 10.976765791470868, 14.199026810426934, 12.143828678469797, 10.308855080547149, 10.654059400631418, 11.89882468008579, 13.686624586929899, 10.427452751945452, 10.695748943642087, 14.216710399898242, 12.13494085010202, 12.653618363964101, 10.847878863688154, 11.368880263785332, 14.681802300352176, 14.092742747671583, 13.086720089739648, 11.269172649030669, 13.072983080736234, 12.469289112680558, 13.26437706520395, 12.16072198310005, 13.313399332015706, 10.56254031899411, 12.564719223081486, 13.665300679981716, 10.557137161135632, 11.770057544356682, 10.003806099548914, 12.180052803030911], "log10_Ee": [50.94451124889879, 47.10996337901473, 51.049203747363336, 49.51323761552098, 48.150810298969745, 48.245320175549914, 47.83778201142861, 47.47605844055738, 51.16504649513099, 47.14950945483702, 50.50413407044009, 50.22294292819946, 48.9312584430489, 51.50043627508734, 51.645502126249625, 50.20835784901937, 50.52803402804919, 51.51170195344345, 51.01997802516359, 49.83760746059767, 51.993525233978666, 48.28284499593711, 49.35349038533514, 47.947525566861664, 50.72215888950801, 50.97375596413806, 51.99122660221075, 49.51167804676547, 47.9160121475926, 48.09115990976782, 47.51134497656439, 51.329148115013325, 47.20104102872508, 48.380405945352216, 49.44415496606568, 49.29961284190391, 48.932730223528914, 49.28465920154881, 48.54798900950065, 49.15654115689892, 50.113678419382275, 49.330658905873314, 48.36684513353537, 50.63477170144139, 47.497186117609324, 47.63171444514044, 50.297564258355415, 51.33240483398088, 47.617272943261256, 47.161014464133835, 48.28710730400082, 49.86167920560561, 50.607469284116306, 51.53374013244892, 48.49898250237126, 47.972832138018425, 47.5593875393557, 47.49423600943068, 50.71079370793996, 49.46481312679593, 47.747004154249886, 50.828859771143065, 51.00162351361268, 50.42242069317496, 50.465191810675925, 48.485997671062584, 51.35386869481128, 50.08358846685153, 48.06163710104452, 50.76079499463644, 49.02580678680008, 51.048671300275814, 47.39191698254525, 51.47648636664719, 50.68075369802777, 48.63964912939523, 48.12479390384654, 49.48391110585137, 50.64995965367717, 51.10806033992973, 48.66337264170727, 50.92375540547824, 48.4783363464401, 50.453159540182455, 49.6992235987338, 47.0004680872294, 50.21759076448243, 50.99851566594785, 48.63316672069705, 51.045682347699916, 47.2452718938506, 50.2858680692745, 51.57187693330276, 51.4729324747509, 47.78892567921367, 51.99532391008056, 49.57593122773402, 47.912228058665484, 48.245107764603866, 47.02671102089001],