,jd,mag,mag_unc,filter,limmag,programid,forced
0,2459774.875162,19.5059084232433,0.145536298787638,r,19.9403658974649,2.0,1.0
1,2459775.8515972,19.4042102129817,0.102717844433735,r,20.2169812595378,2.0,1.0
3,2459776.8752546,19.8058633107497,0.110464719120781,r,20.5396901183123,2.0,1.0
5,2459779.9157176,19.386609332778,0.0769453129458673,r,20.5130396960751,2.0,1.0
7,2459779.9157176,19.3251190185547,0.139331340789795,r,99.0,2.0,0.0
