,jd,mag,mag_unc,filter,limmag,programid,forced
16,2459790.6986921,19.8362735925583,0.145461051100427,i,20.2712925780114,2.0,1.0
